date,open,high,low,close,volume
2025-09-18 00:00:00,29.01,29.19,28.15,28.35,372997884
2025-09-19 00:00:00,28.25,28.6,28.14,28.31,166230032
2025-09-22 00:00:00,28.45,28.88,28.36,28.78,155923418
2025-09-23 00:00:00,28.63,28.81,28.25,28.5,149735724
2025-09-24 00:00:00,28.35,28.87,28.34,28.69,155819804
2025-09-25 00:00:00,28.63,28.84,28.55,28.71,132806322
2025-09-26 00:00:00,28.67,28.99,28.51,28.72,126643060
2025-09-29 00:00:00,28.72,31.49,28.62,30.41,593771449
2025-09-30 00:00:00,30.28,30.6,29.74,29.9,295038797
2025-10-09 00:00:00,29.6,30.25,29.35,29.65,380798468
2025-10-10 00:00:00,29.64,30.27,29.54,29.68,267585627
2025-10-13 00:00:00,28.9,29.49,28.81,29.2,211049325
2025-10-14 00:00:00,29.2,29.71,28.93,29.03,195512452
2025-10-15 00:00:00,29.14,29.73,29.06,29.69,196485192
2025-10-16 00:00:00,29.6,29.98,29.5,29.65,159731518
2025-10-17 00:00:00,29.66,29.93,29.05,29.09,173989890
2025-10-20 00:00:00,29.4,29.54,29.12,29.23,122730684
2025-10-21 00:00:00,29.31,30.11,29.21,29.36,306867820
2025-10-22 00:00:00,29.22,29.23,29.02,29.19,122694826
2025-10-23 00:00:00,29.2,29.58,28.85,29.52,140360535
2025-10-24 00:00:00,29.55,30.06,29.5,29.87,299094343
2025-10-27 00:00:00,30.25,30.63,29.83,29.99,461214211
2025-10-28 00:00:00,29.98,30.34,29.8,30,226331602
2025-10-29 00:00:00,29.95,30.46,29.85,30.3,313670198
2025-10-30 00:00:00,30.19,30.23,29.62,29.68,245220842
2025-10-31 00:00:00,29.72,29.87,29.37,29.38,167153229
2025-11-03 00:00:00,29.35,29.38,28.93,29.22,139351693
2025-11-04 00:00:00,29.18,29.25,28.96,29.08,119758945
2025-11-05 00:00:00,28.93,29.17,28.92,29.06,94055879
2025-11-06 00:00:00,29.12,29.43,29.1,29.19,162561807
2025-11-07 00:00:00,29.09,29.12,28.95,29,96072134
2025-11-10 00:00:00,29,29.46,28.96,29.3,162194018
2025-11-11 00:00:00,29.34,29.4,29,29.06,104299540
2025-11-12 00:00:00,29.07,29.11,28.81,28.9,108630812
2025-11-13 00:00:00,28.88,29.12,28.86,29.08,117874907
2025-11-14 00:00:00,28.95,28.96,28.62,28.64,120170706
2025-11-17 00:00:00,28.61,28.61,28.26,28.29,107770905
2025-11-18 00:00:00,28.27,28.43,28.17,28.22,91515389
2025-11-19 00:00:00,28.22,28.42,28.2,28.3,84481274
2025-11-20 00:00:00,28.85,28.94,28.28,28.3,152864285
2025-11-21 00:00:00,28.01,28.25,27.3,27.3,169503916
2025-11-24 00:00:00,27.4,27.5,27.26,27.39,89138879
2025-11-25 00:00:00,27.47,27.65,27.4,27.47,80225905
2025-11-26 00:00:00,27.52,27.72,27.44,27.6,68169452
2025-11-27 00:00:00,27.53,27.81,27.52,27.58,64864740
2025-11-28 00:00:00,27.61,27.64,27.41,27.59,74659823
2025-12-01 00:00:00,27.5,27.73,27.48,27.67,70798737
2025-12-02 00:00:00,27.66,27.69,27.35,27.37,65292152
2025-12-03 00:00:00,27.45,27.57,27.03,27.15,78110536
2025-12-04 00:00:00,27.14,27.38,27.02,27.2,69237557
2025-12-05 00:00:00,27.2,28.09,27.16,27.86,163790521
2025-12-08 00:00:00,28.38,29.06,28.38,28.7,314621670
2025-12-09 00:00:00,28.52,28.83,28.38,28.53,130128521
2025-12-10 00:00:00,28.42,28.57,28.16,28.52,99289687
2025-12-11 00:00:00,28.55,28.58,28.15,28.29,74225023
2025-12-12 00:00:00,28.26,28.56,28.08,28.41,106756984
2025-12-15 00:00:00,28.26,28.94,28.18,28.55,119324123
2025-12-16 00:00:00,28.44,28.79,28.28,28.48,100161602
2025-12-17 00:00:00,28.48,29.15,28.4,28.97,161703772
2025-12-18 00:00:00,28.9,28.9,28.47,28.53,113593828
2025-12-19 00:00:00,28.58,28.94,28.47,28.68,98348153
2025-12-22 00:00:00,28.62,28.79,28.6,28.65,75331310
2025-12-23 00:00:00,28.68,28.88,28.59,28.63,94064657
2025-12-24 00:00:00,28.61,28.83,28.55,28.74,78951922
2025-12-25 00:00:00,28.75,29.02,28.7,28.96,104494796
2025-12-26 00:00:00,28.96,29.4,28.9,29.1,141352575
2025-12-29 00:00:00,29.03,29.14,28.86,28.94,90671097
2025-12-30 00:00:00,28.86,29.02,28.75,28.83,85434793
2025-12-31 00:00:00,28.8,29.07,28.68,28.71,85634753
2026-01-05 00:00:00,28.83,29.36,28.8,29.33,185177013
2026-01-06 00:00:00,29.36,30.25,29.33,30.19,334935799
2026-01-07 00:00:00,30.21,30.21,29.4,29.5,229502122
2026-01-08 00:00:00,29.29,29.29,28.45,28.54,315027225
2026-01-09 00:00:00,28.54,28.67,28.35,28.57,232677161
2026-01-12 00:00:00,28.57,28.85,28.41,28.78,217308310
2026-01-13 00:00:00,28.85,29.15,28.48,28.55,215969109
2026-01-14 00:00:00,28.49,29.13,28.15,28.23,321882341
2026-01-15 00:00:00,28.38,28.8,28.23,28.28,207814142
2026-01-16 00:00:00,28.5,28.57,27.99,28.08,209581279
2026-01-19 00:00:00,27.74,27.97,27.7,27.91,159433764
2026-01-20 00:00:00,27.93,28.15,27.91,28.05,138513336
2026-01-21 00:00:00,28.03,28.11,27.79,27.94,141050126
2026-01-22 00:00:00,27.9,28.22,27.82,27.92,172592474
2026-01-23 00:00:00,28,28.06,27.7,27.77,188106135
2026-01-26 00:00:00,27.77,28.44,27.71,28.07,263751164
2026-01-27 00:00:00,28.09,28.14,27.8,27.86,141523812
2026-01-28 00:00:00,27.89,28.18,27.77,27.94,171879381
2026-01-29 00:00:00,27.9,28.58,27.7,28.56,297781177
2026-01-30 00:00:00,28.5,28.52,28.08,28.08,190709529
2026-02-02 00:00:00,28.09,28.6,27.83,27.86,181833606
2026-02-03 00:00:00,28.07,28.1,27.71,27.97,132291749
2026-02-04 00:00:00,27.85,28.39,27.84,28.38,157219253
2026-02-05 00:00:00,28.29,28.49,28.13,28.29,115684169
2026-02-06 00:00:00,28.2,28.36,28.1,28.16,107402653
2026-02-09 00:00:00,28.01,28.1,27.88,28.06,97053435
2026-02-10 00:00:00,28.06,28.18,27.98,28.09,75629809
2026-02-11 00:00:00,28.11,28.15,27.95,28.04,83665980
2026-02-12 00:00:00,28.03,28.03,27.77,27.87,95785415
2026-02-13 00:00:00,27.87,28,27.62,27.62,109046515
2026-02-24 00:00:00,27.76,27.8,27.61,27.63,84792805
2026-02-25 00:00:00,27.64,27.89,27.61,27.74,101623021
2026-02-26 00:00:00,27.75,27.78,27.33,27.38,132628852
2026-02-27 00:00:00,27.36,27.49,27.18,27.37,87758758
2026-03-02 00:00:00,27.11,27.2,26.86,27.07,130969370
2026-03-03 00:00:00,27.06,27.38,26.75,26.8,160721145
2026-03-04 00:00:00,26.6,26.65,26.05,26.14,150080106
2026-03-05 00:00:00,26.33,26.44,26.1,26.21,81899057
2026-03-06 00:00:00,26.18,26.58,26.11,26.43,77673336
2026-03-09 00:00:00,26.01,26.01,25.63,25.88,126946526
2026-03-10 00:00:00,26.1,26.27,26,26.13,90837752
2026-03-11 00:00:00,26.14,26.2,25.94,26.1,88402598
2026-03-12 00:00:00,26,26.08,25.8,25.93,91861750
2026-03-13 00:00:00,25.73,25.95,25.66,25.75,80647744
2026-03-16 00:00:00,25.66,25.69,25.36,25.5,115669803
2026-03-17 00:00:00,25.5,26.55,25.5,25.91,221171781
2026-03-18 00:00:00,25.9,26.02,25.75,25.97,85965852
2026-03-19 00:00:00,25.75,25.84,25.5,25.61,107159437
2026-03-20 00:00:00,25.62,25.71,25.3,25.3,100896257
2026-03-23 00:00:00,25,25,24.09,24.29,199265633
2026-03-24 00:00:00,24.5,24.61,24.08,24.36,127910112
2026-03-25 00:00:00,24.4,24.85,24.36,24.66,113477202
2026-03-26 00:00:00,24.58,24.62,24.05,24.13,113838924
2026-03-27 00:00:00,24.05,24.37,24.01,24.26,94772015
2026-03-30 00:00:00,23.99,24.17,23.88,24.1,90949319
2026-03-31 00:00:00,24.1,24.44,24.03,24.04,102248550
2026-04-01 00:00:00,24.43,24.6,24.25,24.51,117145938
2026-04-02 00:00:00,24.47,24.47,24.08,24.13,78873570
2026-04-03 00:00:00,24.22,24.26,23.95,23.98,71023358
2026-04-07 00:00:00,23.99,24.08,23.77,23.92,71443585
2026-04-08 00:00:00,24.45,24.77,24.33,24.7,152745978
2026-04-09 00:00:00,24.48,24.48,24.1,24.15,98740799
2026-04-10 00:00:00,25.01,26.5,25.01,25.9,425932882
2026-04-13 00:00:00,25.62,26.28,25.49,26.09,215163868
2026-04-14 00:00:00,26.3,26.37,25.88,26.19,145346411
2026-04-15 00:00:00,26.33,26.39,25.97,26.01,110753830
2026-04-16 00:00:00,26.12,26.48,26.04,26.31,143003563
2026-04-17 00:00:00,26.2,26.34,26.08,26.26,106035471
2026-04-20 00:00:00,26.23,26.41,26.15,26.3,96652117
2026-04-21 00:00:00,26.25,26.41,26.15,26.3,81388079
2026-04-22 00:00:00,26.16,27.01,26.15,26.71,191351733
2026-04-23 00:00:00,26.58,26.77,26.35,26.48,120581835
2026-04-24 00:00:00,26.37,26.38,26.05,26.23,104235631
2026-04-27 00:00:00,26.4,27.07,26.4,26.77,154596427
2026-04-28 00:00:00,26.85,27.65,26.85,27.3,260790525
2026-04-29 00:00:00,27.15,27.38,27.02,27.32,148566047
2026-04-30 00:00:00,27.23,27.78,27.07,27.22,173001813
2026-05-06 00:00:00,27.29,27.84,27.29,27.49,178738413
2026-05-07 00:00:00,27.63,27.69,27.07,27.23,159363238
2026-05-08 00:00:00,27.1,27.2,26.83,26.95,130062480
2026-05-11 00:00:00,26.83,27.48,26.75,27.33,196141091
2026-05-12 00:00:00,27.35,27.44,27.13,27.22,128173638
2026-05-13 00:00:00,27.15,27.46,26.96,27.15,122213720
2026-05-14 00:00:00,27.2,27.33,26.66,26.66,146758856
2026-05-15 00:00:00,26.76,26.8,26.18,26.35,132231765
2026-05-18 00:00:00,26.21,26.43,25.98,26.16,101863486
2026-05-19 00:00:00,26.12,26.33,25.88,26.27,96224896
2026-05-20 00:00:00,26.18,26.39,26,26.08,95927098
2026-05-21 00:00:00,26.28,27.09,26.2,26.22,229786127
2026-05-22 00:00:00,26.38,26.44,25.81,25.87,141086896
2026-05-25 00:00:00,26.05,26.44,25.91,26.19,128779397
2026-05-26 00:00:00,26.18,26.68,25.89,26.21,193176593
2026-05-27 00:00:00,26.18,26.41,25.53,25.77,175360396
2026-05-28 00:00:00,25.88,25.96,25.21,25.35,139450433
2026-05-29 00:00:00,25.53,26.75,25.53,26.05,328261131
2026-06-01 00:00:00,26.01,26.31,25.53,25.67,221410020
2026-06-02 00:00:00,25.6,25.68,25.25,25.58,178107957
2026-06-03 00:00:00,25.5,25.9,25.34,25.6,183238077
2026-06-04 00:00:00,25.42,25.84,25.41,25.59,129374977
2026-06-05 00:00:00,25.66,26.04,25.59,25.67,158096179
2026-06-08 00:00:00,25.41,25.83,25.35,25.43,178432110
2026-06-09 00:00:00,25.44,25.57,25.21,25.52,104687557
2026-06-10 00:00:00,25.06,25.75,24.95,25.66,174665318
2026-06-11 00:00:00,25.6,26.05,25.22,25.51,145581162
2026-06-12 00:00:00,25.56,26.45,25.31,26.29,269384528
2026-06-15 00:00:00,26.45,27.4,26.44,26.86,310465633
2026-06-16 00:00:00,26.69,27.29,26.63,27.25,220400140
2026-06-17 00:00:00,27.28,27.56,27.16,27.37,179774115
2026-06-18 00:00:00,27.35,27.35,26.5,26.56,193368725
2026-06-22 00:00:00,26.45,28.72,26.38,28.64,527085163
2026-06-23 00:00:00,28.7,29.3,28.15,28.32,389126485
2026-06-24 00:00:00,28.18,28.8,27.7,27.89,276274967
2026-06-25 00:00:00,27.88,29.06,27.71,28.98,378555104
2026-06-26 00:00:00,28.8,29.16,27.71,27.74,289516677
2026-06-29 00:00:00,28,28.92,27.95,28.49,253478658
2026-06-30 00:00:00,28.33,28.95,28.32,28.73,220333438
2026-07-01 00:00:00,28.66,29.88,28.51,29.47,428245104
2026-07-02 00:00:00,29.37,29.43,28.56,28.62,285532250
2026-07-03 00:00:00,28.88,29.12,28.33,28.95,230606867
2026-07-06 00:00:00,29.52,29.65,28.92,29.23,223854395
2026-07-07 00:00:00,29.14,29.14,28.25,28.45,189730746
2026-07-08 00:00:00,28.29,28.55,27.98,28,135465073
2026-07-09 00:00:00,28.01,28.76,27.8,28.68,190382869
2026-07-10 00:00:00,28.6,28.74,28.25,28.4,167482393
2026-07-13 00:00:00,28.38,28.49,27.93,28.12,159038431
2026-07-14 00:00:00,28,28.06,27.4,28,176676457
2026-07-15 00:00:00,27.93,28.83,27.84,28.6,187021375
2026-07-16 00:00:00,28.34,28.44,27.99,28.1,138492702
2026-07-17 00:00:00,28,28.27,27.6,27.6,170077850
2026-07-20 00:00:00,27.76,28.39,27.76,28.28,190738400
2026-07-21 00:00:00,28.5,28.5,27.95,28.34,169076845
2026-07-22 00:00:00,28.14,28.37,27.91,28.3,109541562
2026-07-23 00:00:00,28.38,28.72,28.16,28.62,131524838
2026-07-24 00:00:00,28.6,28.6,27.89,27.95,129621942
2026-07-27 00:00:00,28.3,28.3,27.77,28.26,105471509
2026-07-28 00:00:00,28.1,28.15,27.8,28.09,103669291
2026-07-29 00:00:00,28.09,28.54,27.83,28.5,150701930
2026-07-30 00:00:00,28.28,28.6,28.11,28.49,133149339
2026-07-31 00:00:00,28.51,28.83,28.38,28.43,165775529
2026-08-03 00:00:00,28.19,28.3,28.06,28.27,104924753
2026-08-04 00:00:00,28.22,28.42,27.97,28,126536406
2026-08-05 00:00:00,28.01,28.3,27.9,28.18,122848331
2026-08-06 00:00:00,28.06,28.15,27.82,27.92,105568499
2026-08-07 00:00:00,27.88,27.98,27.77,27.95,99747487
2026-08-10 00:00:00,27.99,28.14,27.86,27.95,91543797
2026-08-11 00:00:00,27.92,28.12,27.74,27.74,106525847
2026-08-12 00:00:00,27.7,27.8,27.51,27.7,83768451
2026-08-13 00:00:00,27.7,28.09,27.67,27.84,109019160
2026-08-14 00:00:00,27.82,27.93,27.28,27.31,128736806
2026-08-17 00:00:00,27.25,27.6,27.15,27.54,97095985
2026-08-18 00:00:00,27.54,27.59,27.14,27.39,87189970
2026-08-19 00:00:00,27.29,27.47,27,27.15,98755604
2026-08-20 00:00:00,27.15,27.28,26.89,27.04,92643071
2026-08-21 00:00:00,27.15,27.24,26.93,27.12,77412806
2026-08-24 00:00:00,27.1,27.42,27.01,27.27,105404861
2026-08-25 00:00:00,27.28,27.33,27.05,27.15,62859742
2026-08-26 00:00:00,27.15,27.83,27.05,27.77,172626933
2026-08-27 00:00:00,27.67,27.95,27.52,27.93,135372960
2026-08-28 00:00:00,27.88,28.05,27.8,27.93,97306790
2026-08-31 00:00:00,27.83,27.92,27.47,27.8,113773804
2026-09-01 00:00:00,27.69,28.08,27.64,28.02,115120851
2026-09-02 00:00:00,27.91,28,27.46,27.47,102981162
2026-09-03 00:00:00,27.5,28.05,27.49,27.86,118115322
2026-09-04 00:00:00,27.96,28.33,27.95,27.99,139255759
2026-09-07 00:00:00,28.05,28.13,27.63,27.67,96800594
2026-09-08 00:00:00,27.66,27.76,27.28,27.34,104378271
2026-09-09 00:00:00,27.3,27.43,27.17,27.33,72013007
2026-09-10 00:00:00,27.3,27.68,27.21,27.6,101618054
2026-09-11 00:00:00,27.43,27.44,26.75,26.92,135507491
2026-09-14 00:00:00,26.78,26.78,26.52,26.61,78124860
2026-09-15 00:00:00,26.61,26.66,26.28,26.35,83142355
2026-09-16 00:00:00,26.34,26.57,26.08,26.45,81043967
2026-09-17 00:00:00,26.28,26.45,26.11,26.16,74702896
2026-09-18 00:00:00,26.28,26.62,26.28,26.54,84759831
2026-09-21 00:00:00,26.55,26.8,26.48,26.74,71198306
2026-09-22 00:00:00,26.83,27.03,26.75,26.89,78718131
2026-09-23 00:00:00,26.9,26.95,26.67,26.79,48055701
2026-09-24 00:00:00,26.75,26.75,26.25,26.29,71251428
2026-09-28 00:00:00,26.26,26.32,25.79,25.94,83608603
2026-09-29 00:00:00,25.81,26.03,25.8,25.82,67529391
2026-09-30 00:00:00,25.9,25.96,25.76,25.86,55148157
